{
  "project_info": {
    "project_number": "1036456782368",
    "project_id": "revibe-d6266",
    "storage_bucket": "revibe-d6266.appspot.com"
  },
  "client": [
    {
      "client_info": {
        "mobilesdk_app_id": "1:1036456782368:android:91669dfd058007931a6a45",
        "android_client_info": {
          "package_name": "com.example.revibe"
        }
      },
      "oauth_client": [],
      "api_key": [
        {
          "current_key": "AIzaSyAzLMF0x_cvk-FJMoiojX8iOO5Xf7DFiz4"
        }
      ],
      "services": {
        "appinvite_service": {
          "other_platform_oauth_client": []
        }
      }
    }
  ],
  "configuration_version": "1"
}